parameter,true_value,fitted_value,error_percent
A,100000.000000,100000.000000,0.00
x0,0.500000,0.498720,-0.26
y0,0.500000,0.497270,-0.55
sigma_x,1.000000,0.999907,-0.01
sigma_y,1.500000,1.489549,-0.70
rho,0.300000,0.302163,0.72
iterations,-,3409,-
converged,-,1,-
final_likelihood,-,-222436.718750,-
